CM-GEORGE,CM-2023,Edgar Walker,Acropolis Museum,20-May-2017
CM-GEORGE,CM-2024,Christian Woods,Byzantium Museum,21-May-2017
CM-GEORGE,CM-2025,Evelyn Vega,Acropolis Museum,22-May-2017
CM-GEORGE,CM-2026,Bethany Lindsey,Byzantium Museum,23-May-2017
CM-GEORGE,CM-2027,Jeremy Powers,Acropolis Museum,24-May-2017
CM-GEORGE,CM-2028,Daniel Murphy,Byzantium Museum,25-May-2017
CM-GEORGE,CM-2029,Glenda Saunders,Acropolis Museum,26-May-2017
CM-GEORGE,CM-2030,Jorge Lloyd,Byzantium Museum,27-May-2017
CM-GEORGE,CM-2031,Lucia Hunt,Acropolis Museum,28-May-2017
CM-GEORGE,CM-2032,Miranda Obrien,Byzantium Museum,29-May-2017
